year,cpi,cpi_method,population,population_method,atp_nett,atp_method,gdp_per_capita,gdp_method,ticket_pct_daily_income,boi_total_footfalls_cr,boi_total_nett_cr
1940,1.05,manual_anchor,315774597.18971896,census_extrapolated,0.25,anchor,,missing,,,
1941,1.2387785809484189,manual_interpolated,318700000.0,census,0.2570082511882817,anchor_interpolated,,missing,,,
1942,1.4614974977300745,manual_interpolated,321652504.36207914,census_interpolated,0.26421296471543554,anchor_interpolated,,missing,,,
1943,1.7242588536168821,manual_interpolated,324632361.3504787,census_interpolated,0.271619648011141,anchor_interpolated,,missing,,,
1944,2.034261843686923,manual_interpolated,327639824.3657279,census_interpolated,0.27923396289487995,anchor_interpolated,,missing,,,
1945,2.4,manual_anchor,330675149.15590835,census_interpolated,0.28706172990394646,anchor_interpolated,,missing,,,
1946,2.475144735546108,manual_interpolated,333738593.83841175,census_interpolated,0.2951089327427845,anchor_interpolated,,missing,,,
1947,2.552642275792339,manual_interpolated,336830418.92188424,census_interpolated,0.3033817228570531,anchor_interpolated,,missing,,,
1948,2.6325662877749347,manual_interpolated,339950887.328372,census_interpolated,0.31188642413591666,anchor_interpolated,,missing,,,
1949,2.714992745067621,manual_interpolated,343100264.41569644,census_interpolated,0.32062953774615444,anchor_interpolated,,missing,,,
1950,2.8,manual_anchor,346278818.0,owid_unwpp,0.32961774710178515,anchor_interpolated,,missing,,,
1951,2.7799862877366537,manual_interpolated,353870058.0,owid_unwpp,0.3388579229730044,anchor_interpolated,,missing,,,
1952,2.760115628572793,manual_interpolated,361874906.0,owid_unwpp,0.3483571287383413,anchor_interpolated,,missing,,,
1953,2.740387,bis,370104570.0,owid_unwpp,0.3581226257840487,anchor_interpolated,,missing,,,
1954,2.583975,bis,378687141.0,owid_unwpp,0.36816187905485515,anchor_interpolated,,missing,,,
1955,2.374256,bis,387700892.0,owid_unwpp,0.3784825627603199,anchor_interpolated,,missing,,,
1956,2.662949,bis,396988905.0,owid_unwpp,0.3890925662411555,anchor_interpolated,,missing,,,
1957,2.81958,bis,406253895.0,owid_unwpp,0.4,anchor,,missing,,,
1958,2.878591,bis,415777436.0,owid_unwpp,0.4447960181138631,anchor_interpolated,,missing,,,
1959,2.996174,bis,425780669.0,owid_unwpp,0.4946087443248701,anchor_interpolated,,missing,,,
1960,3.188124,bis,435990342.0,owid_unwpp,0.55,anchor,404.441540697629,worldbank,49.63634537978528,,
1961,3.263368,bis,446564731.0,owid_unwpp,0.5793627825061903,anchor_interpolated,418.351302348377,worldbank,50.54780860671555,,
1962,3.294519,bis,457283091.0,owid_unwpp,0.6102931522787549,anchor_interpolated,439.046981728539,worldbank,50.73648375960714,,
1963,3.445447,bis,468138576.0,owid_unwpp,0.6428747979067155,anchor_interpolated,492.547227751954,worldbank,47.63995978759629,,
1964,3.803241,bis,479229599.0,owid_unwpp,0.6771958758515263,anchor_interpolated,561.220537697256,worldbank,44.04266737992109,,
1965,4.113213,bis,490140142.0,owid_unwpp,0.7133492489728307,anchor_interpolated,578.610464383385,worldbank,44.99961405858043,,
1966,4.607457,bis,500740250.0,owid_unwpp,0.7514327377883642,anchor_interpolated,641.167224251499,worldbank,42.7771319117162,,
1967,5.299354,bis,511606377.0,owid_unwpp,0.7915493851478385,anchor_interpolated,734.963610910616,worldbank,39.31018097902783,,
1968,5.278514,bis,522716893.0,owid_unwpp,0.8338077350369378,anchor_interpolated,761.676018908966,worldbank,39.956597783454235,,
1969,5.389077,bis,533880545.0,owid_unwpp,0.8783221262657901,anchor_interpolated,821.082482882163,worldbank,39.04450317362601,,
1970,5.720986,bis,545864271.0,owid_unwpp,0.9252130018365483,anchor_interpolated,857.664900150599,worldbank,39.374672510329184,,
1971,6.005511,bis,558096385.0,owid_unwpp,0.9746072348271411,anchor_interpolated,898.051168462411,worldbank,39.611511370890895,,
1972,6.534196,bis,570482138.0,owid_unwpp,1.026638471672939,anchor_interpolated,968.397300383857,worldbank,38.69517624760918,,
1973,7.606263,bis,583465599.0,owid_unwpp,1.0814474937751575,anchor_interpolated,1152.43566553859,worldbank,34.25165907577639,,
1974,9.780014,bis,597041391.0,owid_unwpp,1.1391825984144022,anchor_interpolated,1329.52048711477,worldbank,31.274557440148946,,
1975,10.163256,bis,611309536.0,owid_unwpp,1.2,anchor,1393.9329391615,worldbank,31.421884632661918,,
1976,9.96297,bis,625861887.0,owid_unwpp,1.3487380697230438,anchor_interpolated,1466.96396775133,worldbank,33.55838359162483,,
1977,10.717388,bis,640801106.0,owid_unwpp,1.515911983933535,anchor_interpolated,1623.33553083787,worldbank,34.084627831077874,,
1978,10.692599,bis,655728226.0,owid_unwpp,1.703806835900455,anchor_interpolated,1718.26319741986,worldbank,36.19291247333318,,
1979,11.938848,bis,671155746.0,owid_unwpp,1.9149909525277553,anchor_interpolated,1841.03585229376,worldbank,37.966218680737626,,
1980,14.338551,bis,687354029.0,owid_unwpp,2.152351000707815,anchor_interpolated,2139.5505521336,worldbank,36.718371270775975,,
1981,16.092206,bis,703696251.0,owid_unwpp,2.419131445050933,anchor_interpolated,2455.25687141291,worldbank,35.962957184820596,,
1982,16.409637,bis,720313473.0,owid_unwpp,2.7189788963369272,anchor_interpolated,2682.92306966192,worldbank,36.990523820276216,,
1983,17.525579,bis,737372683.0,owid_unwpp,3.055991956885966,anchor_interpolated,3052.3810382392,worldbank,36.543178924569325,,
1984,18.745064,bis,754875449.0,owid_unwpp,3.4347772441829383,anchor_interpolated,3340.79284369467,worldbank,37.52683128775743,,
1985,19.615749,bis,772647800.0,owid_unwpp,3.860512358539943,anchor_interpolated,3682.58458728297,worldbank,38.26353414210944,,
1986,20.698566,bis,790689977.0,owid_unwpp,4.3390166554992655,anchor_interpolated,4026.43197888111,worldbank,39.33361068966405,,
1987,22.148172,bis,808931268.0,owid_unwpp,4.876830790361847,anchor_interpolated,4473.36772541875,worldbank,39.792016837056366,,
1988,24.077982,bis,827342994.0,owid_unwpp,5.4813061221321195,anchor_interpolated,5189.66130504109,worldbank,38.55120049231003,,
1989,25.696504,bis,846039528.0,owid_unwpp,6.160705198937981,anchor_interpolated,5830.43222759394,worldbank,38.56759344478861,,
1990,28.025351,bis,864972221.0,owid_unwpp,6.9243146984569455,anchor_interpolated,6660.43592595328,worldbank,37.94608780918574,,
1991,31.858426,bis,883927605.0,owid_unwpp,7.7825723671264315,anchor_interpolated,7492.24804769078,worldbank,37.91437357545408,,
1992,35.535529,bis,902957075.0,owid_unwpp,8.747209693265006,anchor_interpolated,8430.034572297,worldbank,37.873291155101136,,
1993,38.294344,bis,922118380.0,owid_unwpp,9.831412264297446,anchor_interpolated,9499.78264970873,worldbank,37.77418503968186,,
1994,42.276592,bis,941163772.0,owid_unwpp,11.05,boi_header,10918.0792432695,worldbank,36.94102149410865,48.1,309.57
1995,46.391341,bis,960301046.0,owid_unwpp,14.37,boi_header,12554.2160276981,worldbank,41.779191854178364,42.56,368.55
1996,48.462426,bis,979678460.0,owid_unwpp,15.7,boi_header,14237.4874461106,worldbank,40.24937701746988,38.89,362.92
1997,50.681148,bis,999133764.0,owid_unwpp,17.92,boi_header,15466.3362862119,worldbank,42.290558532799174,43.54,455.15
1998,53.626867,bis,1018665080.0,owid_unwpp,19.66,boi_header,17398.2307482259,worldbank,41.244998436014704,36.44,421.66
1999,55.514777,bis,1038225822.0,owid_unwpp,21.51,boi_header,19150.5694508236,worldbank,40.996953224606855,39.19,497.06
2000,58.974921,bis,1057922731.0,owid_unwpp,24.07,boi_header,20227.2398904959,worldbank,43.4342502860612,36.14,516.52
2001,62.017164,bis,1077898579.0,owid_unwpp,26.66,boi_header,21479.2282947401,worldbank,45.30376914138453,33.27,529.61
2002,63.551666,bis,1097600380.0,owid_unwpp,29.98,boi_header,22709.6658321128,worldbank,48.18520924480703,26.27,479.83
2003,66.935031,bis,1116803000.0,owid_unwpp,35.77,boi_header,25004.6796650546,worldbank,52.21442615898232,23.18,537.02
2004,70.817465,bis,1135991509.0,owid_unwpp,42.14,boi_header,28048.9060638783,worldbank,54.83671971010647,20.09,575.4
2005,73.990014,bis,1154676321.0,owid_unwpp,49.16,boi_header,31455.7819496882,worldbank,57.04324892860551,20.55,704.2
2006,78.333787,bis,1172878888.0,owid_unwpp,53.91,boi_header,36275.0921688939,worldbank,54.24424535817794,25.29,967.9
2007,82.242326,bis,1190676028.0,owid_unwpp,60.73,boi_header,41141.8553214485,worldbank,53.87810011680235,24.59,1081.03
2008,89.378696,bis,1207930960.0,owid_unwpp,69.76,boi_header,45649.5656539855,worldbank,55.77796773139061,23.05,1161.42
2009,91.270336,bis,1225524764.0,owid_unwpp,78.63,boi_header,51948.412516071,worldbank,55.247020284058244,20.45,1173.42
2010,100.0,bis,1243481565.0,owid_unwpp,88.6,boi_header,61395.9412459773,worldbank,52.67286296733641,22.55,1398.69
2011,109.803268,bis,1261224956.0,owid_unwpp,95.48,boi_header,69268.6002101573,worldbank,50.31168508424643,24.95,1757.02
2012,118.091776,bis,1278674501.0,owid_unwpp,101.74,boi_header,77768.1348036296,worldbank,47.751048798802906,31.86,2383.13
2013,125.530825,bis,1295829507.0,owid_unwpp,109.75,boi_header,86689.8115553104,worldbank,46.209294127305206,34.31,2790.04
2014,133.849024,bis,1312277184.0,owid_unwpp,117.89,boi_header,95010.1044052209,worldbank,45.289761830464286,31.1,2740.72
2015,140.362841,bis,1328024494.0,owid_unwpp,125.97,boi_header,103701.95654975,worldbank,44.33768805311016,28.73,2660.89
2016,147.345798,bis,1343944296.0,owid_unwpp,131.57,boi_header,114526.093534386,worldbank,41.93197245969214,28.97,2786.73
2017,152.253716,bis,1359657398.0,owid_unwpp,134.38,boi_header,125693.739916614,worldbank,39.02238888948584,30.48,3084.48
2018,158.226219,bis,1374659067.0,owid_unwpp,118.1958761084226,derived_boi_matched_n47,137486.224326747,worldbank,31.378776303468076,,
2019,164.162634,bis,1389030307.0,owid_unwpp,133.82723065681577,derived_boi_matched_n48,144731.131372099,worldbank,33.75012599338692,,
2020,175.025011,bis,1402617694.0,owid_unwpp,133.16441454152405,derived_boi_matched_n41,141550.303245675,worldbank,34.33762428844629,,
2021,184.028875,bis,1414203896.0,owid_unwpp,145.26931599229286,interpolated,166859.94569124,worldbank,31.77712908722981,,
2022,196.316713,bis,1425423209.0,owid_unwpp,158.47457627118644,ormax_nett,183227.175836112,worldbank,31.569127273304186,,
2023,207.41366,bis,1438069597.0,owid_unwpp,166.10169491525426,ormax_nett,201547.33390226,worldbank,30.08083385189744,,
2024,217.734722,bis,1451098474.2885327,extrapolated_cagr5,173.9663526954343,interpolated,219219.270635664,worldbank,28.9653909301454,,
2025,222.489268,bis,1464245392.9039621,extrapolated_cagr5,182.20338983050848,ormax_nett,235999.524590621,worldbank,28.179818329506322,,
2026,222.489268,bis_carry_forward,1477511422.2979798,extrapolated_cagr5,182.20338983050848,carry_forward,261403.37645420057,extrapolated_cagr5,25.441231169325597,,
