check,target,expected,actual,pass
footfalls_in_band,Hum Aapke Hain Koun (1994),7-7.8 cr,7.40,true
footfalls_in_band,Gadar (2001),4.8-5.3 cr,5.06,true
footfalls_in_band,Dilwale Dulhania Le Jayenge (1995),4.5-5.1 cr,4.80,true
footfalls_in_band,Dangal (2016),3.5-3.9 cr,3.70,true
anchor_film_reproduced,Sholay (1975),10-18 cr,12.50,true
anchor_film_reproduced,Mughal-e-Azam (1960),7-13 cr,10.00,true
anchor_film_reproduced,Mother India (1957),7-13 cr,10.00,true
rank_footfalls_1994plus_cohort,Jawan (2023),cohort rank 6-30 and overall > 5,"cohort 17, overall 71",true
rank_footfalls_1994plus_cohort,Pathaan (2023),cohort rank 6-30 and overall > 5,"cohort 26, overall 103",true
rank_footfalls_1994plus_cohort,Gadar 2 (2023),cohort rank 6-30 and overall > 5,"cohort 12, overall 50",true
rank_footfalls_1994plus_cohort,Animal (2023),cohort rank 6-30 and overall > 5,"cohort 27, overall 111",true
tier_c_within_40pct_of_consensus,36 tier-C films with a consensus figure,>= 60% within 40%,89% (32/36),true
dubbed_flagged_and_unranked,Bahubali 2 - The Conclusion (2017),is_dubbed=true rank=None,is_dubbed=true rank=None,true
dubbed_flagged_and_unranked,KGF Chapter 2 (2022),is_dubbed=true rank=None,is_dubbed=true rank=None,true
dubbed_flagged_and_unranked,Pushpa 2 (2024),is_dubbed=true rank=None,is_dubbed=true rank=None,true
no_dubbed_in_headline,flagged rows,0,0,true
no_dubbed_title_variant_ranked,ranked titles vs curated dubbed list,0,0,true
cross_source_footfalls_agree_15pct,782 films with two footfall sources,>= 80% within 15%,98% (769/782),true
