year,title_a,title_b,nett_a,nett_b,source_a,source_b
1997,Judaai,Judwaa,14.095,13.14,boi_year_page,boi_year_page
1998,Barood,Wajood,4.85,5.2375,boi_year_page,boi_year_page
2001,Paagalpan,Zahreela,1.03,,boi_year_page,boi_year_page
2002,Kaante,Kranti,20.45,6.19,boi_year_page,boi_year_page
2003,Calcutta Mail,Naach,,3.16,boi_year_page,boi_year_page
2003,Saaya,Satta,3.235,1.51,boi_year_page,boi_year_page
2005,Page 3,Shabd,8.86,,boi_year_page,boi_year_page
2005,Sehar,Zeher,1.425,7.3425,boi_year_page,boi_year_page
2015,Talvar,Tevar,30.3625,35.55,boi_year_page,boi_year_page
2016,Sanam Teri Kasam,Bhoomi,8.035,,boi_year_page,boi_year_page
2019,Blank,Kalank,,80.035,boi_year_page,boi_year_page
