title,year,hindi_nett_cr,hindi_footfalls_cr,is_dubbed,original_language,source_url,note
Dhurandhar 2,2026,,4.00,false,,https://www.boxofficeindia.com/report-details.php?articleid=9794,"Top Ten Footfalls Post Pandemic (3 Jun 2026): 4 cr Hindi, 4.32 cr all versions"
Pushpa 2,2024,,3.90,true,Telugu,https://www.boxofficeindia.com/report-details.php?articleid=9794,"3.9 cr Hindi, 6.2 cr all versions"
Dhurandhar,2025,,3.55,false,,https://www.boxofficeindia.com/report-details.php?articleid=9794,"3.55 cr Hindi"
Gadar 2,2023,,3.40,false,,https://www.boxofficeindia.com/report-details.php?articleid=9794,"3.4 cr Hindi"
Stree 2,2024,,3.20,false,,https://www.boxofficeindia.com/report-details.php?articleid=9794,"3.2 cr Hindi"
Jawan,2023,,3.10,false,,https://www.boxofficeindia.com/report-details.php?articleid=9794,"3.1 cr Hindi, 3.5 cr all versions"
Chhaava,2025,,3.00,false,,https://www.boxofficeindia.com/report-details.php?articleid=9794,"3 cr Hindi, 3.12 cr all versions"
Pathaan,2023,,2.80,false,,https://www.boxofficeindia.com/report-details.php?articleid=9794,"2.8 cr Hindi, 2.92 cr all versions"
Animal,2023,,2.70,false,,https://www.boxofficeindia.com/report-details.php?articleid=9794,"2.7 cr Hindi, 3 cr all versions"
KGF Chapter 2,2022,,2.55,true,Kannada,https://www.boxofficeindia.com/report-details.php?articleid=9794,"2.55 cr Hindi, 4.9 cr all versions"
