title,year,original_language,source_url
Bahubali - The Beginning,2015,Telugu,https://en.wikipedia.org/wiki/Baahubali:_The_Beginning
Bahubali 2 - The Conclusion,2017,Telugu,https://en.wikipedia.org/wiki/Baahubali_2:_The_Conclusion
Baahubali 2 - The Conclusion,2017,Telugu,https://en.wikipedia.org/wiki/Baahubali_2:_The_Conclusion
2.0,2018,Tamil,https://en.wikipedia.org/wiki/2.0_(film)
Saaho,2019,Telugu,https://en.wikipedia.org/wiki/Saaho
KGF Chapter 2,2022,Kannada,https://en.wikipedia.org/wiki/K.G.F:_Chapter_2
K.G.F: Chapter 2,2022,Kannada,https://en.wikipedia.org/wiki/K.G.F:_Chapter_2
KGF Chapter 1,2018,Kannada,https://en.wikipedia.org/wiki/K.G.F:_Chapter_1
RRR,2022,Telugu,https://en.wikipedia.org/wiki/RRR_(film)
Kantara,2022,Kannada,https://en.wikipedia.org/wiki/Kantara_(film)
Ponniyin Selvan: I,2022,Tamil,https://en.wikipedia.org/wiki/Ponniyin_Selvan:_I
Pushpa - The Rise,2021,Telugu,https://en.wikipedia.org/wiki/Pushpa:_The_Rise
Pushpa: The Rise,2021,Telugu,https://en.wikipedia.org/wiki/Pushpa:_The_Rise
Pushpa 2,2024,Telugu,https://en.wikipedia.org/wiki/Pushpa_2:_The_Rule
Pushpa 2 - The Rule,2024,Telugu,https://en.wikipedia.org/wiki/Pushpa_2:_The_Rule
Pushpa 2: The Rule,2024,Telugu,https://en.wikipedia.org/wiki/Pushpa_2:_The_Rule
Kalki 2898 AD,2024,Telugu,https://en.wikipedia.org/wiki/Kalki_2898_AD
Salaar,2023,Telugu,https://en.wikipedia.org/wiki/Salaar:_Part_1_%E2%80%93_Ceasefire
Salaar: Part 1 - Ceasefire,2023,Telugu,https://en.wikipedia.org/wiki/Salaar:_Part_1_%E2%80%93_Ceasefire
Devara: Part 1,2024,Telugu,https://en.wikipedia.org/wiki/Devara:_Part_1
Devara,2024,Telugu,https://en.wikipedia.org/wiki/Devara:_Part_1
Game Changer,2025,Telugu,https://en.wikipedia.org/wiki/Game_Changer_(film)
Kantara: Chapter 1,2025,Kannada,https://en.wikipedia.org/wiki/Kantara:_Chapter_1
Coolie,2025,Tamil,https://en.wikipedia.org/wiki/Coolie_(2025_film)
Jailer,2023,Tamil,https://en.wikipedia.org/wiki/Jailer_(2023_film)
Leo,2023,Tamil,https://en.wikipedia.org/wiki/Leo_(2023_Indian_film)
Vikram,2022,Tamil,https://en.wikipedia.org/wiki/Vikram_(2022_film)
Hanu-Man,2024,Telugu,https://en.wikipedia.org/wiki/Hanu-Man
Hanuman,2024,Telugu,https://en.wikipedia.org/wiki/Hanu-Man
Sye Raa Narasimha Reddy,2019,Telugu,https://en.wikipedia.org/wiki/Sye_Raa_Narasimha_Reddy
Robot,2010,Tamil,https://en.wikipedia.org/wiki/Enthiran
Enthiran,2010,Tamil,https://en.wikipedia.org/wiki/Enthiran
Kabali,2016,Tamil,https://en.wikipedia.org/wiki/Kabali_(film)
Kaala,2018,Tamil,https://en.wikipedia.org/wiki/Kaala_(2018_film)
Vikrant Rona,2022,Kannada,https://en.wikipedia.org/wiki/Vikrant_Rona
Raayan,2024,Tamil,https://en.wikipedia.org/wiki/Raayan
Maharaja,2024,Tamil,https://en.wikipedia.org/wiki/Maharaja_(2024_film)
Retro,2025,Tamil,https://en.wikipedia.org/wiki/Retro_(2025_film)
Peddi,2026,Telugu,https://en.wikipedia.org/wiki/Peddi
Jana Nayagan,2026,Tamil,https://en.wikipedia.org/wiki/Jana_Nayagan
The Raja Saab,2026,Telugu,https://en.wikipedia.org/wiki/The_Raja_Saab
Spirit,2026,Telugu,https://en.wikipedia.org/wiki/Spirit_(upcoming_film)
