source_title,year,canonical_title,note
Hum Aapke Hain Koun..!,1994,Hum Aapke Hain Koun,
Hum Aapke Hain Kaun,1994,Hum Aapke Hain Koun,
Gadar - Ek Prem Katha,2001,Gadar,
Gadar: Ek Prem Katha,2001,Gadar,
Baahubali 2 - The Conclusion,2017,Bahubali 2 - The Conclusion,
Baahubali 2: The Conclusion,2017,Bahubali 2 - The Conclusion,
Baahubali: The Beginning,2015,Bahubali - The Beginning,
K.G.F: Chapter 2,2022,KGF Chapter 2,
KGF 2,2022,KGF Chapter 2,
Pushpa 2 - The Rule,2024,Pushpa 2,
Pushpa 2: The Rule,2024,Pushpa 2,
Pushpa: The Rise,2021,Pushpa - The Rise,
Dhurandhar: The Revenge,2026,Dhurandhar 2,
Dhurandhar - The Revenge,2026,Dhurandhar 2,
Chhava,2025,Chhaava,
Kuch Kuch Hota Hai,1998,Kuch Kuch Hota Hai,
Dilwale Dulhania Le Jayenge,1995,Dilwale Dulhania Le Jayenge,
Tiger Zinda Hai,2017,Tiger Zinda Hai,
3 Idiots,2009,3 Idiots,
PK,2014,PK,
Sanju,2018,Sanju,
Sultan,2016,Sultan,
Dangal,2016,Dangal,
Bajrangi Bhaijaan,2015,Bajrangi Bhaijaan,
Mughal-E-Azam,1960,Mughal-e-Azam,
Mughal-e-Azam,1960,Mughal-e-Azam,
Bobby,1973,Bobby,
Mother India,1957,Mother India,
Sholay,1975,Sholay,
Maine Pyar Kiya,1989,Maine Pyar Kiya,
Hum Aapke Hain Koun..!,1995,Hum Aapke Hain Koun,"Some sources date HAHK by its 1995 run"
Rattan,1944,Ratan,
Awara,1951,Awaara,
Roti Kapda Aur Makaan,1974,Roti Kapada Aur Makaan,
Gangs Of Wasseypur,2012,Gangs Of Wasseypur 1,"Hungama lists part 1 without the number"
Ganga Jamna,1961,Gunga Jumna,
Aankhen,1968,Ankhen,"1968 film; distinct from Aankhen (1993)"
Brahmastra – Part One: Shiva,2022,Brahmastra: Part One - Shiva,
Brahmāstra: Part One – Shiva,2022,Brahmastra: Part One - Shiva,
Brahmastra,2022,Brahmastra: Part One - Shiva,
Hum Aapke Hain Koun..!,1994,Hum Aapke Hain Koun,
Kabhi Khushi Kabhie Gham...,2001,Kabhi Khushi Kabhie Gham,
Kabhi Khushi Kabhie Gham,2001,Kabhi Khushi Kabhie Gham,
Kaho Naa... Pyaar Hai,2000,Kaho Naa Pyaar Hai,
Kaho Naa Pyaar Hai,2000,Kaho Naa Pyaar Hai,
Chhava,2025,Chhaava,
Chhaava,2025,Chhaava,
Jawan,2023,Jawan,
Pathaan,2023,Pathaan,
Gadar 2 - The Katha Continues,2023,Gadar 2,
Gadar 2: The Katha Continues,2023,Gadar 2,
Salaar: Part 1 – Ceasefire,2023,Salaar,
Salaar: Part 1 - Ceasefire,2023,Salaar,
Salaar Part 1 Ceasefire,2023,Salaar,
Dhurandhar: The Revenge,2026,Dhurandhar 2,
Dhurandhar - The Revenge,2026,Dhurandhar 2,
Dhurandhar The Revenge,2026,Dhurandhar 2,
Pushpa: The Rise - Part 1,2021,Pushpa - The Rise,"Hungama spelling of the Hindi-dubbed Telugu film"
Pushpa: The Rise – Part 1,2021,Pushpa - The Rise,
Pushpa The Rise Part 1,2021,Pushpa - The Rise,
