FREQ,REF_AREA,UNIT_MEASURE,UNIT_MULT,TIME_FORMAT,BREAKS,COVERAGE,DECIMALS,TITLE_TS,TIME_PERIOD,OBS_VALUE,OBS_CONF,OBS_PRE_BREAK,OBS_STATUS
A,IN,628,0,,,,,,1953,2.740387,F,,A
A,IN,628,0,,,,,,1954,2.583975,F,,A
A,IN,628,0,,,,,,1955,2.374256,F,,A
A,IN,628,0,,,,,,1956,2.662949,F,,A
A,IN,628,0,,,,,,1957,2.81958,F,,A
A,IN,628,0,,,,,,1958,2.878591,F,,A
A,IN,628,0,,,,,,1959,2.996174,F,,A
A,IN,628,0,,,,,,1960,3.188124,F,,A
A,IN,628,0,,,,,,1961,3.263368,F,,A
A,IN,628,0,,,,,,1962,3.294519,F,,A
A,IN,628,0,,,,,,1963,3.445447,F,,A
A,IN,628,0,,,,,,1964,3.803241,F,,A
A,IN,628,0,,,,,,1965,4.113213,F,,A
A,IN,628,0,,,,,,1966,4.607457,F,,A
A,IN,628,0,,,,,,1967,5.299354,F,,A
A,IN,628,0,,,,,,1968,5.278514,F,,A
A,IN,628,0,,,,,,1969,5.389077,F,,A
A,IN,628,0,,,,,,1970,5.720986,F,,A
A,IN,628,0,,,,,,1971,6.005511,F,,A
A,IN,628,0,,,,,,1972,6.534196,F,,A
A,IN,628,0,,,,,,1973,7.606263,F,,A
A,IN,628,0,,,,,,1974,9.780014,F,,A
A,IN,628,0,,,,,,1975,10.163256,F,,A
A,IN,628,0,,,,,,1976,9.96297,F,,A
A,IN,628,0,,,,,,1977,10.717388,F,,A
A,IN,628,0,,,,,,1978,10.692599,F,,A
A,IN,628,0,,,,,,1979,11.938848,F,,A
A,IN,628,0,,,,,,1980,14.338551,F,,A
A,IN,628,0,,,,,,1981,16.092206,F,,A
A,IN,628,0,,,,,,1982,16.409637,F,,A
A,IN,628,0,,,,,,1983,17.525579,F,,A
A,IN,628,0,,,,,,1984,18.745064,F,,A
A,IN,628,0,,,,,,1985,19.615749,F,,A
A,IN,628,0,,,,,,1986,20.698566,F,,A
A,IN,628,0,,,,,,1987,22.148172,F,,A
A,IN,628,0,,,,,,1988,24.077982,F,,A
A,IN,628,0,,,,,,1989,25.696504,F,,A
A,IN,628,0,,,,,,1990,28.025351,F,,A
A,IN,628,0,,,,,,1991,31.858426,F,,A
A,IN,628,0,,,,,,1992,35.535529,F,,A
A,IN,628,0,,,,,,1993,38.294344,F,,A
A,IN,628,0,,,,,,1994,42.276592,F,,A
A,IN,628,0,,,,,,1995,46.391341,F,,A
A,IN,628,0,,,,,,1996,48.462426,F,,A
A,IN,628,0,,,,,,1997,50.681148,F,,A
A,IN,628,0,,,,,,1998,53.626867,F,,A
A,IN,628,0,,,,,,1999,55.514777,F,,A
A,IN,628,0,,,,,,2000,58.974921,F,,A
A,IN,628,0,,,,,,2001,62.017164,F,,A
A,IN,628,0,,,,,,2002,63.551666,F,,A
A,IN,628,0,,,,,,2003,66.935031,F,,A
A,IN,628,0,,,,,,2004,70.817465,F,,A
A,IN,628,0,,,,,,2005,73.990014,F,,A
A,IN,628,0,,,,,,2006,78.333787,F,,A
A,IN,628,0,,,,,,2007,82.242326,F,,A
A,IN,628,0,,,,,,2008,89.378696,F,,A
A,IN,628,0,,,,,,2009,91.270336,F,,A
A,IN,628,0,,,,,,2010,100,F,,A
A,IN,628,0,,,,,,2011,109.803268,F,,A
A,IN,628,0,,,,,,2012,118.091776,F,,A
A,IN,628,0,,,,,,2013,125.530825,F,,A
A,IN,628,0,,,,,,2014,133.849024,F,,A
A,IN,628,0,,,,,,2015,140.362841,F,,A
A,IN,628,0,,,,,,2016,147.345798,F,,A
A,IN,628,0,,,,,,2017,152.253716,F,,A
A,IN,628,0,,,,,,2018,158.226219,F,,A
A,IN,628,0,,,,,,2019,164.162634,F,,A
A,IN,628,0,,,,,,2020,175.025011,F,,A
A,IN,628,0,,,,,,2021,184.028875,F,,A
A,IN,628,0,,,,,,2022,196.316713,F,,A
A,IN,628,0,,,,,,2023,207.41366,F,,A
A,IN,628,0,,,,,,2024,217.734722,F,,A
A,IN,628,0,,,,,,2025,222.489268,F,,A
A,IN,771,0,,,,,,1954,-5.707653,F,,A
A,IN,771,0,,,,,,1955,-8.116139,F,,A
A,IN,771,0,,,,,,1956,12.15929,F,,A
A,IN,771,0,,,,,,1957,5.881868,F,,A
A,IN,771,0,,,,,,1958,2.092897,F,,A
A,IN,771,0,,,,,,1959,4.084743,F,,A
A,IN,771,0,,,,,,1960,6.406502,F,,A
A,IN,771,0,,,,,,1961,2.360146,F,,A
A,IN,771,0,,,,,,1962,0.954558,F,,A
A,IN,771,0,,,,,,1963,4.581169,F,,A
A,IN,771,0,,,,,,1964,10.384566,F,,A
A,IN,771,0,,,,,,1965,8.150199,F,,A
A,IN,771,0,,,,,,1966,12.016,F,,A
A,IN,771,0,,,,,,1967,15.016902,F,,A
A,IN,771,0,,,,,,1968,-0.393261,F,,A
A,IN,771,0,,,,,,1969,2.094589,F,,A
A,IN,771,0,,,,,,1970,6.158919,F,,A
A,IN,771,0,,,,,,1971,4.97335,F,,A
A,IN,771,0,,,,,,1972,8.803331,F,,A
A,IN,771,0,,,,,,1973,16.407037,F,,A
A,IN,771,0,,,,,,1974,28.578433,F,,A
A,IN,771,0,,,,,,1975,3.918622,F,,A
A,IN,771,0,,,,,,1976,-1.970688,F,,A
A,IN,771,0,,,,,,1977,7.572221,F,,A
A,IN,771,0,,,,,,1978,-0.231297,F,,A
A,IN,771,0,,,,,,1979,11.655246,F,,A
A,IN,771,0,,,,,,1980,20.099958,F,,A
A,IN,771,0,,,,,,1981,12.230348,F,,A
A,IN,771,0,,,,,,1982,1.972572,F,,A
A,IN,771,0,,,,,,1983,6.800529,F,,A
A,IN,771,0,,,,,,1984,6.958318,F,,A
A,IN,771,0,,,,,,1985,4.644876,F,,A
A,IN,771,0,,,,,,1986,5.520141,F,,A
A,IN,771,0,,,,,,1987,7.003413,F,,A
A,IN,771,0,,,,,,1988,8.713179,F,,A
A,IN,771,0,,,,,,1989,6.722,F,,A
A,IN,771,0,,,,,,1990,9.062892,F,,A
A,IN,771,0,,,,,,1991,13.677174,F,,A
A,IN,771,0,,,,,,1992,11.54201,F,,A
A,IN,771,0,,,,,,1993,7.763538,F,,A
A,IN,771,0,,,,,,1994,10.399051,F,,A
A,IN,771,0,,,,,,1995,9.732924,F,,A
A,IN,771,0,,,,,,1996,4.464379,F,,A
A,IN,771,0,,,,,,1997,4.578231,F,,A
A,IN,771,0,,,,,,1998,5.812257,F,,A
A,IN,771,0,,,,,,1999,3.520456,F,,A
A,IN,771,0,,,,,,2000,6.232835,F,,A
A,IN,771,0,,,,,,2001,5.158535,F,,A
A,IN,771,0,,,,,,2002,2.474319,F,,A
A,IN,771,0,,,,,,2003,5.323802,F,,A
A,IN,771,0,,,,,,2004,5.800303,F,,A
A,IN,771,0,,,,,,2005,4.479896,F,,A
A,IN,771,0,,,,,,2006,5.870755,F,,A
A,IN,771,0,,,,,,2007,4.989596,F,,A
A,IN,771,0,,,,,,2008,8.677247,F,,A
A,IN,771,0,,,,,,2009,2.116432,F,,A
A,IN,771,0,,,,,,2010,9.564624,F,,A
A,IN,771,0,,,,,,2011,9.803268,F,,A
A,IN,771,0,,,,,,2012,7.548508,F,,A
A,IN,771,0,,,,,,2013,6.299379,F,,A
A,IN,771,0,,,,,,2014,6.626419,F,,A
A,IN,771,0,,,,,,2015,4.866541,F,,A
A,IN,771,0,,,,,,2016,4.974933,F,,A
A,IN,771,0,,,,,,2017,3.330884,F,,A
A,IN,771,0,,,,,,2018,3.922731,F,,A
A,IN,771,0,,,,,,2019,3.751853,F,,A
A,IN,771,0,,,,,,2020,6.616839,F,,A
A,IN,771,0,,,,,,2021,5.14433,F,,A
A,IN,771,0,,,,,,2022,6.677125,F,,A
A,IN,771,0,,,,,,2023,5.652574,F,,A
A,IN,771,0,,,,,,2024,4.976077,F,,A
A,IN,771,0,,,,,,2025,2.183641,F,,A
